SET NAMES utf8;
INSERT INTO users (id, name, login, password, created, active, salt) VALUES (1, 'Главный пользователь TVbit', 'tvbit', '209fec7a4c664f17cce53df7d6b0483440266810', 1537705582, 1, 'z25dVHYbAu');
INSERT INTO accounts (id, created, active, title, brand, description, info, last_modification_time, preload_package_id) VALUES (1, 1, 1, 'master', '', '', '{}', 1575434551, 0);
INSERT INTO accounts (id, created, active, title, brand, description, info, last_modification_time, preload_package_id) VALUES (2, 1, 1, 'develop', '', '', '{}', 1575434551, 0);
INSERT INTO accounts (id, created, active, title, brand, description, info, last_modification_time, preload_package_id) VALUES (3, 1, 1, 'air', '', '', '{}', 1575434551, 0);
INSERT INTO account_users (account_id, user_id, access) VALUES (1, 1, 3);
INSERT INTO account_users (account_id, user_id, access) VALUES (2, 1, 3);
INSERT INTO account_users (account_id, user_id, access) VALUES (3, 1, 3);
INSERT INTO client_distributes (id, type, version, description, path, content_length, hash, created) VALUES (11, 1, '3.0.89.0', '3.0.89.0_x64', '/home/nikita/work/supertvbit/master/php/uploads/client_distributes/setup_TVBitServices__3.0.89.0_x64.exe', 106352135, '6199279d431d409a375395967920df82e350512994fc0bbf9978e24ba9186906', 1565326100);
INSERT INTO client_distributes (id, type, version, description, path, content_length, hash, created) VALUES (12, 0, '3.0.89.0', '3.0.89.0_x86', '/home/nikita/work/supertvbit/master/php/uploads/client_distributes/setup_TVBitServices__3.0.89.0_x86.exe', 100812187, '888610e689ee86cdd6ff1cade08511440242c4900c1a102117b3dbc374ab5299', 1565326157);
INSERT INTO client_distributes_links (client_distribute_id, type, account_id) VALUES (12, 0, 0);
INSERT INTO client_distributes_links (client_distribute_id, type, account_id) VALUES (11, 1, 0);
INSERT INTO licenses (id, account_id, type, created, expires, active, data) VALUES (1, 1, 0, 1, 0, 1, 'FqakvRXAJWgxs3IJhap97kYu0CRklFlomg40sbq1YVErm9o2XkNGPwtR3bGnEVEG0rwE3m3BzsaH+FR2ow7nH8NS2qojZB9w40ImLJ1H/r5U8EhJQKkFX/JI1XZHPuuex4gAB5+ZuH2spB8HQ3onXOamciDsAQ1WMDxVV7f7dr4EIMD6cj8axJ2dArz09Jhzp1wK6+kh/DEELDp1RI0PMNqQK5a/hc3uN/7WVkmOxTMFfrnBRHvPJLPAx2F1f2ozylEoEhNrXiMj5VApe3385KVm7mhlLaygtKe8TqF7r3DOCOTqmDACF+gcixi/vWmrEN7NiVFwPuVuUC42FBkcvNzMnUJCckGmEkhOkiUWMxd26WtrBLLYlwg6wrKfR38SNk2xhxfcu5EshhxAhs+s761Qdlo9D0IYM2NFFjCXQDusB53AoTysseFwn4JLUbYzbGXa81wBwXUn8MbvJeuA8+8S31LV1RLf6uGP22DyHAX8wsa9ZAwaBP1sQgn3AJvXRSAGEOFBvje6yuuyeY8dJkynhZ9xB9KzXLCWHsrzbvLfaRpvLoGSZji2Ew640HMfidi6OB1cgE5ALZxdTPAgc4ZvwhaFpdYNuYjSXtzhyr5jX81620HffMG0Iyo0PR2cGgoTBYyKj4EGvO7ilgdZgB7I6r1YxhqjQWepCf9Mr6o=');
INSERT INTO licenses (id, account_id, type, created, expires, active, data) VALUES (2, 2, 0, 1, 0, 1, 'VdNcsqA/vQtsykYwc1GCNA3nC0X9581MhBUyC04+Qz2hc0xF6QqztnaUDZqP7uhJzDxt24y/I/KlArlKJrznfTTKDcrno11fXJ4VaXceAxK5f7ai+D35z0edWK1r6wwNZF0iRJp2ccK4pSTNR9gl6LKb2iPRkQVY5fDskiKOHweTW6pu2KjFwBBmOt/BWxGGgE9dUuh4pTRE90sfZVfS5X1N287Gy8ABWGC+o9/27T7ciEMqIFbel7MDaWGkhALeywj4sVdwnn7tvHZUzg+Fzu+Ls/SxWQUkYKVnm84urUKEgRxadkbRpeUaBWZ1jj6inSJXi722NqSvbpmeGdr0Nnaho2yzRUzirqHRK5Lijwv/5HuxjSyzCtB3YiVRL9D2anM9e/2sgfQV/48MrdaRsDfe0Mxy7C0vjP/ryWAUkvA3HQ6LbFG6auZk5+GZAc2JVRTX3L6TR2yxjqguEoHY0TkqxBqbv+twlO6PQCjSh5rov8g1IUGxcvdWbIovt6UcOC4VOEaYnYpEJDSZ84lekhUwymnhRohrX3Pr+f5lnik5ByFCVRjqi+2UKtmrTWf/+BJQ/kw9DpxA4GJXbTga1y3N0p0oWTfemUdhozM/tAvJSmcw5wC6iICRVC6n8xeGVd3MZsKxh8wqCU/2I0gYd82vNw7MzacjXlG5tf92ceQ=');
INSERT INTO licenses (id, account_id, type, created, expires, active, data) VALUES (3, 3, 0, 1, 0, 1, 'UGiNRm9XN4Fo17SIb3LAH/U/zngQ+q/rrN1WFUCJBNYB4D/CVWDGPGR2oWrAm/3dvs1vMRHU35SXEyXAv82w+53Oau9bx6oWpI0Tgn8umjYm9Cg5evc0AQUjpyPYXhgNie4xx6eZoCjtc9MEzALLtg+PnlkyBblFZ3W5OhQhxb2XQdqti68Y71ES9lLxuOAAQEdScWoSnPgxaSwpNBKVppqQquGfyrcr06XzUiJaBaWuqULi4RzMhI0heEwlK/txpndsM2UeYjC+za6l+w2YpS/jZY4yqwL++oH2rwyeFb3QWDbZH3xVFbfe4EwSM1eKuhkBUhqB0ZH4pGRZVTgLBVPSdDwiy/k+twLUHcwjCoGqm0JEpHjmU8PVuqei5MruFLIPL+2lEBLRyEQmqQZ796Ws2tJKJXdUmvqnv/4C93+dodSX2ySasB5PLzff0ejlouEVCd+s69meyQT9HmjDSzYuZQ4uQ6H7kp6KDSRVHYDDGwY52UbSs/06cWAkywiKEdz4IGdcDOdqr5jW4zvkJo7/X+xPP0aTs+MhDb4zC88b2SaqHOa6+jr187iSh+TXdlolXDB3yY5YLqE5vezKqlMtqRkjXGkRc3g2al2vY10x9eOipT2/BMhk8OLPTzES7NHvtfkEMBJTBOIk6Me8bSQblNmev9DJnxYHkUThLl8=');
INSERT INTO licenses (id, account_id, type, created, expires, active, data) VALUES (4, 0, -1, 1, 0, 1, 'qI726SwOc5XncoX3CnyxNVcyGkkdfk5IM3+IVjskrB1mY4cuP3Pgo4Ub6LHy07hPI8qsKmNubTANtNpetK4j0gXAlZd5RQEKlhVIuDXnlnyuNVmFtFGNJutVQx5NBLEjalbzIB83NkLup9hfXKn9fjPyZUge15vgGDi09aBGUOzxAcBenKPxttoHoxH27WJ054z49Y8i8wIZMFjnwOZkRyCQdNf6ZhA64Zrj9ncnTgHKmC9+niR6br+/XQJYM4bQXrCIWc41awm+65B9iL5DS1eryfDi39NLabrl/ZwXY4SSQ5AZt59bbdMJ0dRbaO7XC/2XJEtVLiets3eSI+09cM0CX8gy09nPfowfgyLe+gMkDMrMcJgWYIgTSQhBDH+wxgwYFMZXMkXN0sxRw+vcBwbsVBaeoKPzRrst6dxm8hil5TeeU1CMgyaJLa6EnJhgk7xUJS9DgWws7hhGwj4p17+R/et97HnMeV+Q7FiBGkSmpOowZT76bl9V3YSu2Bgx2H/k/Dv9r/fy1jShF69V9OMhCExescuZHh9div06PzyI+CaUaQifhWIxx+e7a5uvNhvg+wl7KXS/g9w28Kk6aTjMRqElOCdde11EArBgfNpjv7mFgMDdn6qs6hK2ZjH+ytg+0Kfa/B4B0bCYGM+AX23CyKKKR9Ff4ZPS5aq7Vzk=');
INSERT INTO licenses (id, account_id, type, created, expires, active, data) VALUES (5, 1, 1, 1565328065, 0, 1, 'vKgIkLB6TCDucTK4Q6F2LcXxIoQa0arADQ252rbsipqHogvUuLMA4ymew+ymyEjqN9Lm0vaB6zwEJi5524OO3QptX5u5m8J6obfN3RCLYVE1X9AHAlNJ2N6pspLRJNvVfPVIPhXxAFlG7eq7rbrTNoObjilYBHehSpO/ijdxFimTDKQATMnu1Lgbk5KDG72k9EeydyNDvoX7jjvzGJ+hQbRB5tG71Nh+j/XjFsyqqyF4tfwCoCHFZaw5UIb+HzhsHoiV9Et5h9evSRrchAMMe1+DFRHB8mVmInqOW/+oyqWTsR/8kUW5gk6pqw2OBkicILcWDx7dOWmZ+6J0tSfC7KKypMdVLhvEcY3EA0W0N7TY/SDS0nz+Yyxj8N22ML54Q0rc+HOHk30LRBYLQbHIR+M9ZarsOsaGSjUQqQlMQkf3xQ0Kh5cjndgnd6l6Up0GanB4XJ+g8wmEqTUvmxRfgvxiqJrs1O9PCPuXy1wRnLTebRGJ5AiWL7i6qiKGvoWCNygS2xxMOH23NPMHLHdcTOfFUCXJSrB9q1BmlqAPk4I1BeTkjAsqf4UYp1IYF87ZZCJT9sp3FTRAkt1WSGrf+HSakFg6yiCvgyWWjqrIHkFArOa+p1eb/gcrewtFM7eyX/Fo6z/ZU6r4MP4GI9CNrYtT3haZPkOG4MFR9mGpUok=');
INSERT INTO licenses (id, account_id, type, created, expires, active, data) VALUES (6, 1, 1, 1565328065, 0, 1, '0KMdJu+NDKOwHFGMXjdQq7MraqKex4aXHtELeRfuchp0Jnv15TYSR3a6FfUrcUxnRdHYh3Ln+hQFnBNH8y5GVlozhxdtScielHIjcGkv7iTHBGsVhb91wlP1xOvzUUeIYUUTe3263jzan6gpQEdaj19eyDrRepmuyj4uItaTI2q1ObN/7rhHKlm04P1vIy0nuh4r+S0rdA9R4Rx0qNlxF6ZnIJMwY83ZMGX83WibaufnVEDbMsmfuBUYqfHfOJ6pSyj2zcojlc3wSXBon50P1oQEeFFOgHkpNHwg4b8CxiwODuqt9WUaC6qoKHFWuEewLIIjYFn+YlPbp/CMPh2WdkWM+uQNZ57BUAgRddaRomuZ++X5Wj6RzEwVXQcdm2ideQyrmcSurOlmkmiaFaFPFvXizAQFAaclqT4op7h1NNbzLg8bk5JPbegYk+YzDew7Ye/YXsK+p8DcDIZZNc68wgPyTEswDJhsQZm8S7adEI5b+2dvq61yVrGFWd8O72sqswc9dJRt4HBLTCkh4Fdqe63HmsGhnlF7lB/zsCljz3clOIMUEDa7Z3uHydZOv2nHsI7n6Cd8iMdWdzVEX5WD4gwORYL0p1jdM0Kla9hIDWsscDLXOynjvVYBqRHPR+OKt1Uf4SWzvlz1OotO5z0eucVLyNV7HwzpH4D15ye1SZ8=');
INSERT INTO licenses (id, account_id, type, created, expires, active, data) VALUES (7, 1, 1, 1565328066, 0, 1, 'VHQpP1JC/1NshbdRPsA6SP38hSZ3DxAfSHwvPxeAMajnq8RGcPlimmaeA9fC/HvvAP208tj5TvHuYU5hCa1AyYbscxa6p0yGkb7OfjGk+MpSYkqbQvdgaok1aQKF1ADi4X133UXctms+T12ENTiBU5VE4LEgg1N2WUAnkjXYBtAAhO1uTDb+1hCGR0sHoIUGdxqZlGpnbYF8yD9oLhw1FK9momnbiAPUcj+5DGnngytMyDI3+GsudUorIml9IihpTLkqpTI46sbQuqZk2bCcK91+mcZF4Wh9Oa0llHUYV2cgbnfnFcjNGpok5eGKuf3IpF+RrwuUCY2RDqvSWsUmiFfUh2ejkMLMD1ooK5Mm5SLxFEmrRqpa3VPkxPP8ew2HixE1ydCGTrDsDTo1qjl4fjNjrBl8KYsx2okxjzDVzy+G/EafmSpP2684jAA+Xv3UAmKcRcStFEdH/BKgNytktWSbVpH8iFj1BYM4WbVS2isHU93uGEK8gZTYDOZLra93Ikvn37L9PKyrALpgPyWVo+SoRbR+L+eK0PBDsWRmapKykrJtzV3n0Il3uzjdNB/UNbRT5qNzImbzm6KuZ5BrdNvFqLWBgR1aBTMNJiuAs6hS4AaZD1ZDkNreig1y2XtGKTbbhYERAXmATwRtUgMpQkvUTlr7lTPp06UC11gPI68=');
INSERT INTO licenses (id, account_id, type, created, expires, active, data) VALUES (8, 1, 1, 1565328067, 0, 1, 'CLzXxTbj1c4uTsQnxQhrFbKb1q/kJ3F0BEhqJkBc2QZLrnozt1cI/fujm+C1ya2V0T1isF7i+rE6iH8+z22kpg7dEuZCSmnbWn8cJbRZ8f6UIKl7X13eMQfEeIaipomBJ6824vJZz5Np/EO31aqjlODmt8Sm8uQ5tfl2o7N4tBqqBu4IECjS4/587YmiklzPgdAkxvsXzzzt4YugmP1w++YT3RZAHTiiW8zllBpC3me3VHyXbG/I4dnh010RidAS/bVf7Qep7MfXgolw/HDrrlGOQzFCgBBLetGt9PSRIderkus6FOwc9qAg0HArp64REEjb3MvYlrU5ZZpjsiODb6A4UC6vx3UeOWvHXcC7X+oLmSYOS5TYLz+t7pUdigFQ5gxFZydooEHGXUXCP3idYb6tbmKzTRYwvqx8kkhcUB4YV6OZctnc2+Mh+IshSiQSHR0+h3HPWgLTwaFnUPyxjlmG16uYl/FeUa8WBKgTFimRAinyjkeemmdnpterccDLj4VzPrXAUHO+uzKYHPQGXXQjOXvwOByrYxa86sNM36JlV95CbTX+jHZUpnyPhn+6ZzIPp6SITA4vhg8ManaBLF6KsAaxHo1WnojNezw5wSYzNxpcFX1oA5PhptjrLa1JrI58hvdTyy5rn3UJgUkLlm8WOPqWClqOzXSVfJrjnsM=');
INSERT INTO licenses (id, account_id, type, created, expires, active, data) VALUES (9, 1, 1, 1565328067, 0, 1, 'U0Y+9eUwjpNwfnUIJz11bXOVyaA5PFcOlKSSuHXCoR4kCdyrtasdswXz6phOorBQVxVXXtu03BTuhvbZ/aNVapLqoOqzHbl5KaCvkvr1wqCYF/mbck25+FLLvPNmGvw/GT7lpQTi2yW1a2vqxSgMyRNj+8hYbVlQQv/ZJwMhsZAayRarlzfnckhRrvaYqxoUMlR4Qq1AP2IRQt0QDFdyNcZS1Tdf499Mrb/gzyp8Jcvi3VlEvZsmahu3ECcjIexQ99lkDamZ2Gn/TxhZS17OBD+fX1VW+AKJJlkgBcpb76bi0aRgRS0MSUieOCUAHLd/OJFeH/9RamgYH6IY9du9wZ2RSgPPJOKmKUA4rw1DTk6VhsvMxuTMlMRLP4w8769rwp0U18ygD1bJbVDM17wWVATnGwZG7fsOyN6ao+kxFQgPEXeju+jS1mv+5lKz8Oeh+cn3Vp37YV/DsV0roOewDvmz6oavmV9pcytbJUkLTU7yn5obAh3qqAa93eegub9JrpHXb13GjxzeDMi5zounzXuwyWEcBG8hWar3vE6VDJsSODR68KmYqowWhWDf/8bwg2jyIpqKl2XQrMVmdccJX6C0saRlWncBtd9b/MAPfqj1NAk9Gyqn3F6HHL76knAOKuEESUgak/TUKTx5j/eAaBdrusne7z+W+otiZKuUfH4=');
INSERT INTO licenses (id, account_id, type, created, expires, active, data) VALUES (10, 1, 1, 1565328068, 0, 1, 'Pnx7lYTlcvtgjtiiP7c+piwRHF3IV2nQV98d4lJlK14GAbq7dRKjhvKGLaVjp48oxcW7CiRR/8sQ51MrHcCyjpXRX4tHf60C6dX0uU5wtKK70DaFd1RxZqiNFtgEYRI6qm/3cJJ9Rjh132tX9qxgyUpbC7DhfIR1PAT/lIdrrsiTeNilFJT3tmzwT1bE/yZqFeYVOSqWuT8pAe7BzHgH9OjugWKcp5WPTqbC90Pi9RoxcLmI8x7PA0MqJay2D4g67H1ZJKTsB/XkW9lckM+yS6z4lsSr5VlERiLUy+yGKF3BgVNF/U64A4uCW27fJNJADDZEC1rcU8tB4XIFBgd5Vd5QTyoPznx/07Fy5aw2rhPyCTQAdXvmN8+NuHUpQX9AZWSAJ1s+k+r0hGIH4ZIAp7KGqEphg18RCWRElp/wWbMKWvucE06Mz1BHlYfC5ifmBLxF9/md8ml9JNc56caq+zXruy2+LYTRHps4BBlnz0SvrDDRCI2jbQbd/iOaYaM94WT/3LQASfK/gZym7s1UZK9VZykY7dce/ZPIV4KcXwb1HA1odVDCdktfz9z9m2qDfepNxw6u7rkpA8DY45isa09pLxx3o4fxA5PljykS7pmmwX0DjN2PzDUd48r6VEWPj+xhWkWHXaWg0DOKtfFAY174vSK0JdBj8WJtMqFPdKE=');
INSERT INTO licenses (id, account_id, type, created, expires, active, data) VALUES (11, 1, 1, 1566309856, 0, 1, 'YnNSPDCNyNkOJDOeooPgnYfuP8aUAp7fDW1wk+UB++igZofDv4RIKHqnQVQ2Fvy6u98ESWVWEteorz/FTHsv4JJosLkQQpNuklOrfxv2d/7XQk+OlccM7X0B++hjruKKzE5wrB+eRcWMNs20F2YZ+ByzXo+0dmIJVAnvqU39l35dqtA6u2pnM1NkG7SGqICdqm4yXM4aK5RL6SezGit/1qPdPUqrjvkvbce99GtcNBu8exbHTIKSaYRXTFfhkCqv1kqXd0EaokaNymywj342P5VG/9PTgo5X58886ZEXkAjDhnKyKFlF3KENSA+wqAx4PaEk1HNoD5miwpI/+6SMlwEuM7rp3yeVuPy6/Ozri2AvSGcNO28PMBPlTJJ0yMTo7NVsnRQ4EcvNhWSo4h/zgxVEEZ3AxZB+ckwepp6QLVE1yCeVKNj9+9hDqNM2zxT7tvwo0izGA0MoweWbdJxcwlrvDYW3d5p7HrNhvYd9dUN0wmCFTLdVPpmZ6u2wYTTXCBOFuvn0IJ79jD+R+Lo/qylKQdc9SXnaot0uqkMszp5f/nmM5bRK7NGED63yx++PfT4vfdL6hz4o9viMCMVbqXIJsT5hfs6Fhl+HwbPyoaV+KcvwkHxYMGMY403WaxDvbuRQUL9nC1oowbrMiaIe+D7DIOrNxhdzh0P6OCc1Prw=');
INSERT INTO licenses (id, account_id, type, created, expires, active, data) VALUES (12, 1, 1, 1566309857, 0, 1, 'm5tuyVMqc1ebmRAqpWH4imOXvSCBNrvFTiMZDuMGuVdhzVD9ZoeO2LkV1wiARTZ+8+SQfcX0EH9IekrPU1zGDPg/I5Fs6zT9WPgOleYbvOKcbhASmOE9wLA61b5fS43LTmkC+A2EZBscaN1SNWUkgzgUTJladmiJrI+OXZIyeLwoWFkM5SL4K6Xxj1bgu/20ZG9dVtpM5FZBqGleGPOd3jVqPh9PAqUVzb/lzSmCcIoBz0KeczxKmNfVE15xlKiraRwNA4ARlrkd687qVubXSHz3m+3s3pJli6D1g1FQ+2Hf0UrYiOg7uljkl4RKbNjlY0Omlm1DNG4zVBZ7cCXlbveYAqokHWayCVSKoMuAqV8d444KOjmxr4Ap9atXMBMiqnkZrOMTPgX+5zn3Nhh6fQzGuomcce62klZaI4ms2kDfjEKZtaYKgcmB5TMZB1oqRm0lNwpROPr4q5O1xqOMyTtRtiiOu6UZGLwT6l2B75EB/e9dPeid6dJ/qo4Orhte3cJlhgn0MmRG6POgWn6hh9COA7EfDujU2W9ultqFpNauuDS81YlpAyY3wlJiE1hbIAMsoet4lQcfVHZbPEo/U6ffUuSvjU34I+fKyAY6UA8nlyz2C3nbSHjyg5cx1l1Kpoq1C2jtlWS0K5suOSA9OpjSwk7fK1EKdsZLZT8/u0g=');
INSERT INTO licenses (id, account_id, type, created, expires, active, data) VALUES (13, 1, 1, 1566309858, 0, 1, 'lgKiG6ATdE9V8+9Ne0BS4avk6qfk8hDn+5iV1nCd2yAgV1i6JL8Epin0OXs/VIK1rz6iu3P5vwrrUDrt1EAIcZF3k/XC3E6ofruDVM15sCOLmTZeJGRD/cYcQdyA815x0CZwh1TtADs6JaRIGI25jkUVhfC62ZENUVEN7P/tXTgECjBGkvztsjc6kmTcbqPs5yg3oXBd3j4Te4Q5pmfXjKxYPE2JSlokOEgJtFsoj6sYVnUm/e+CfVYOYa8uecekepwfbi8WfoTzOkB45X48O8O7s6lgYjlVpoMdBOHixlGsrRytycYg4QPHqxldUMx2/i29Q3+pA0EJjONb2yQD7e3wFVvnUXMwE/VKMz0UqXzY9Xp2wz2DwdsfXi2i2ZJn2LKUqMe+rUgNeBAD2jw5gd5/TQVAJ+bcjqPriu5N9rp6RBAROOi8a3wcbe+rxJ9hJ85pKIvc0CdB/FnsdRreK/2A2liFh9jUwhsbO21dU0Xajqbol6QrNS4OYIqmCl3Od9A6+ZpyTvyq84V2qGm0L3oY4HblCpfll+KLmon2QHVe7VNXnYJGte22dXufMLKOc8VwPIYTwMzc9eJJUO1eLXHdcZ9bjzqfhIbx4wmkfey/dzBuNa5dCcsG8XBXrFcecFKzuOZRHT+nrH3GZk9PYwP2h+fA0MTJS5On54tc8DI=');
INSERT INTO licenses (id, account_id, type, created, expires, active, data) VALUES (14, 1, 1, 1566309859, 0, 1, 'bnyapLc+30bG/qisW9nqrdjlldeyltg0RnVYF8TbZqWj90qaMw4PLZxcOJWrS7Ejy+VcqaaWFv8KqADztfEc+ujLCNU9gQ8RfqZB2126cKPEFQGgM+7un4ogp1rBok5d2yWwEDkXh9SUqQRaJkmkDU6RN/Wi0W3j7XLCIIVSjIevApKdm6D720xX/0WbEZ5Re4+7EbaQNu52xRA/BxdY/MurQ62VPrxKZC7efMnNuMGsip1O4M2Y5GQrWVAY+x808uOtWXNPltcW9jvV0Tb7an4vSSKEPqLQkq58xCwUt1dsHg7ZdFjfIxQLhm1rzidY0ZTL7RdU8wo1hb0Gv7ZgA45oypKTY6KOENoUNW02Jq+4EtTIh+QN3GvFU2jYkPd9puwBDnco8GyqiJmswdAMu5ifGjsXdY+6kBadzHu4mkIwlMc2e57tRQamKHwsrEpzvf0ArFo1KmnDkBx4lVxoyCF+qysaKKpaJgrB4An9mNqsHmDbEgbc2aNfCZq6NZrFHtFoFDboH17gke8abxCq2/JVnvzvXmygMTCnxp7E3EuyP3hbYwKI2e2AxktX3NA5jpSvwHZnHnE3KtM0tmX5/q2D/ApPuufFPcE23JKHgIXdeWOsQ/1YwkSe2FQobItbKFLqt5Wr2hCR9Jp5IeAp9UeTqpkP4+EQrOTcF26r12g=');
INSERT INTO licenses (id, account_id, type, created, expires, active, data) VALUES (15, 2, 1, 1565328077, 0, 1, 'x5LvAgL1vxkiDhBlBv2uwITbP/kVqoecHYJgXLZW2ZwN+oafoLgwUd8/29Q4Ho+M35VTI1J8XgZWg4aoYBvYrg33nLkTbnVRbzj04ekzrtIqn0rlLbCcTEwhZIu+GGjoBAihRjF1jUX0BtRrWf1AT4RD8085MNR7EWueineVvVDaMLkN0vNxICFzfgG8HWUjZdC1zz+7JTXrmdBL/YnoeN3Mkueb+wTH7lywBgOTq4rhhv31jZ2vPaOZ+ZMCcbEPkN3hcboc/f78C5SDI9D9tozLONvbfaySyRH4leOsi6mr7g2Vf98d1lOIB9sGKAwhe9fzacGMR5msrdLcyqkBQGtBcSM8g9CqC1lPU5EWdyoaYHLWR6moiwj8c2GBpxS4iX1P4Ut++baGfYu7hWzBmbHPMTQDc0t2IBd9D5JoPBzYBqMjG7+NT0vsF+5XsFzThgoogOKUkLVqP1eWnaaG/e5rYl/mrmUTOxA5g1sOrQfq+0H0dbbiqlfSpUxwZ4H32wSwLdiMNJVkChJcARaD/q0CqqovTBLXTvb33yIJdQ6OVsvSLtq8k44n8JVOsilbmm4oEymLPxQIHUsg9aHG9Cf0Dd79XCmC5zUG+UDzWE4ftQAXSboN/FcFAqdoHV7q0STi0swxb/9cNqeYtqHh8OdQKX3ZrBPfcKID3h9cTGk=');
INSERT INTO licenses (id, account_id, type, created, expires, active, data) VALUES (16, 2, 1, 1565328078, 0, 1, 'k3acdK/CKWIB1O5rSBtIqn6GLiUqw0f5d5ec0vSEdnKrc8pxfHTdBm/0Mh0kNucKd7hybJ90pcRr1UUpU0pNxFM6AiTzazmOsi9loAvFDoYdRiI58vBWxGBdacDTgSLXaSgcMRrfiuJzJ/zBsIlBc4Gi+VeoCPykwaneffSfFFhbRVlFAmVLabqhb5J/E3rHULzbuh8XhuoF4ipyPTVisDAPQV9iYXcmQFi3g/27u4ss9O6outPtkaUvSYyay7aYmxTrsMTqWITnX19VnV8FvCU2VCht+O++/h7Q3+IYR8n/99y2opJwjfYQFpdZS2pLyucFjwQGCly4tLvdLCEwK8I73S4958h3jxqA63OWmLVKDmymc3UBaFWCWaSGlP6dloQAkSaKKocvKREtDN+ZB2g6xTXBHdJMnrTybs5wVqeS0P4eT/hgU1XmDM5z2aRZf2+AxkMFPbm16ZW/f1pfhNCS0hE866T6mYsgTYumO+D+uLTJ1eSLCuImIfLAEnzcvSfIaaOurQpyXzzuJXblBN+UlJeNqyXIspW8Ax6PAa9ECYN33sUYysawAf5wPnjfo2zcOzTUDeoCVfXc24axlkDXJnXcHvxT1Ryba7E5QepBlfvn/vJgCAYQWhm5YXKU6AhRY9hE9vQX/2MC00nVQRRLAc0Dx9TPNXOg6Zx7wLw=');
INSERT INTO licenses (id, account_id, type, created, expires, active, data) VALUES (17, 2, 1, 1565328079, 0, 1, 'kFraM9bZ1R9v+p3hsosObTHIVyuxdI1LIACplADAWHncshnM7YeRLO9Lj+S4lwsA5O6jJBE4+p34nKTaOEz7t42urgv9BY7rMKLG5X2wuOCWQdEV74VgcO8+XJMwAxBviddN2UhsQgPnICT0+hjuF0G6+gryNX2smjelYpdxlgVWsz8HL+C/6aFzxaqLa03H3ecIjXfYryRng52RMzFlkpByqvCBmSW/HvZjdTxvjVGhvrjC36heGe+REbjzFmtE5zAVXD8qcCT2gRD17aPCnXTPiWMp6PnVsfhkr2HHGL5xtxhWjWdEcsi7/20FCb2NbPNQCXdJ9Iw8Cmp3XLTXAdDJbRwSI5oy6hL5sWNCF8dcGoRViKySHo4LRiWMaC0TLpIOtcZezUsnQ7IxFG1s8ctvnBNAXMfKFwTuMOSSLFdL1109kh+YMlOdlpuwDa40NeDhu5ELdCL63Cidp65o9iM8DNgYcZzo4UGawlPtJ+b+v1kyrqGEwWp0EkULJ6Y5W147gSLJfBrZrktVtnuexxZSrK+jXV6pwK4aCRdK9TfbmfJrcLceo2nZGWJf7JHyGBIxTyQBJEa23uwDc+S35CynFXRli246NlEaXCGqaNN5arrYO9sA6S3lUS753MmiHLUooPkd4Ft5RUaHD7LR/MRP+gqo6U+zxs9x2O6CmyM=');
INSERT INTO licenses (id, account_id, type, created, expires, active, data) VALUES (18, 2, 1, 1565328079, 0, 1, 'NyiZCyaHQaOIGU48fb7fMu9H8pbdRM8hihxTr8mZyZD4pNmewbKnbvrwNo9ejm/enGKGEQsoayYVz1DAFnHLMoopWOK4yg4rsuiti2IdsilIh3RMjRRWS0IKlpeVQe0rEo5+IrGJiMFwVEawW6vaaz7rgZhgSjP3EOh6z3UeAvRGweLXWNTLtXsiEKU1w1+RldZOQybPhfWIveqC73CGfHu8w2laH1oGRe9bMog7sVNP53bXt7CLgCGI+Zy+EyQETBEjWJXrsO4BYy/2Izpf3I9idvwX3ZYhiGydAbNFc66VxbVUiY0mPACg3nOXLBRj1fiTi2+Unq81/T7JfsEy25ar2bCURGnSYoIZ6KLJFwuoeR8iqRjyEn/va/d41vQ/DKsCdDNxD723X+brwjLjxAyHus59o5A7/BKAEU6W3uhix6hcm79V5KgwydHIgMv9FhBFJUX+g0rLn+SG6CIeDoDWVZ52pBR6wioGMxsGsm7oFPgMb/YrrPGPuR4WckAZLo30hwVy1YOei8FfGjojBUQpMBB8jHBqnxwHN33eM3GDpY8ITsPG8Yj221MPgPVOUo0S492MHBYDpOIuR1vAI4QaeLYE4qygvaDJm6Exhu14PSufs2Xa1qKK1y3mDS8Bw4zDtQruZVedAYWKuv1zyyMwq6JOXby9DEX08N8T/e4=');
INSERT INTO licenses (id, account_id, type, created, expires, active, data) VALUES (19, 2, 1, 1565328080, 0, 1, 'EZ9mgHzNicVKGM+Ijqe9/7z/P4uztA2sUCrWkn07w1cFQKyyc2xTplxmUTNWRsfITRBJfOn39seSnnoJWTdRGEc/AevVYFMdB19PMX65k6bkXjJiYF1VSYdTRuUpkZnfFmivcSaN7k/tAhrDOP8pJv4bAWwNnQywa10E270Jt5nKV7sQFwbMH2FVPScGUeFTGjwgah7R+SB+jnujlMdvJrrFHirIBh9TSOFklPtR9Q5ewD7afga54hw3MCMQ6eGOOBoKBs4ec1FK4nbSdfRWO7DOXhXMQiGoDeRbjngFBSMFpWfbuE/ajJbtJKAJ97G9K3OC7L3JLIKYzLxC/nb4wYI3tDT1pMikiD/vw0NQR6BXyVlZZA6pgF9X4SePQTrlu/E4iP/z/vJuhxZu7Anfg3DHZHgh55gJq9GiVQiv0Q9KMWZgwZ+G8DlLjv/g+qd7OC+xkXyuWGonip+/Yma1KS99v04EcXLXXM1UHS6u3DuGeTTY/8pJZCfGVzwsv/NiQhNeQoAhTE80uVSgz0usRkHmZERoxSuAf9UvuladjC94WMlJRXVONKNDd20IJ2rPIccfhXe6I5y8c/XrUW/LI/rx9N+khDp/pxFTZh1r2xy+SYA+7+bHDZukYn69GFtHJlq6zdWoUDQ4XHuF7LA+BoE5ivSsw5OZJj1B9o1s2oo=');
INSERT INTO licenses (id, account_id, type, created, expires, active, data) VALUES (20, 2, 1, 1565328080, 0, 1, 'oL55Pg0wRLljIBO3p/LK7VGAzk+GAnYjBOVf/jv6CnMe8gN0eH4KA96t6Hd+rYWnwDolfqHoN/0dViLjyfcZJOrgWYotpJ4qnVpBfqkAxAwtJnTG46TxyK80V6T8Cdx7C5/lcy+poaAaR5a5yoZLr5R6H1mygXo3+39W8kcLNWZNlGGWOOuTmpVVjsbDtvwVmwPUmiDtxMkPw/fCAgtVVI7bAfz7gKWGPGHrYU6XJehID+iBtvyvD+OrAD3cUIcesaZiS6HLFX6pWeifw/e0l9Odg8A17izEMbltUzgrJAg4QvMbN9A2TJZAZyVxXV235K+q9gnkxID+9NoOQ8I1xhGNpPRUZvtb/qHgbY+CAmfIH8YFqEZvI5jau6DR7AQ3Q0+Bx4A1FR29N19RQx5eyhVEZK1k4cLMmj2g2MZb+kc6YVTHVDX0rqqHv23E6I3eVpNZBZUiG/Aw3fOU38FJR0Z/NeGGDYxo+/xa04DOv6cjD9JNOIUs2ETyuvy8x7y/P7Ywy8LeRyMiU9qEArNAYUzARg9X5d/OpVzNDZvNt/wQ1a8bXDBiRaRxfIj00fqtMYjEH+sSgtwbV0EjQ69JonrAp5C1kHYJ9uyhbViE4HiKngPfe9X4M3nznT2vDazrpec5lDhj0vGPWQo+/57Z9Eh6A0FWU96yRdCziCRTcnE=');
INSERT INTO licenses (id, account_id, type, created, expires, active, data) VALUES (21, 2, 1, 1565328081, 0, 1, 'mDz7gI6Jd5n7Ct6fdlP7jam8bex1VJpezt6PlIHPGeEgI2eThR1vlP8rmSslczBYnbgO5lL/911SmFCr8n+G9/vzjhrXR/5TFM9adviTOqkd2UuGfJM4rh1EsDM/uPD9XR/Hu81BcRkBGDHbcYhTnOngjwhbD1EBqJwbrZ1KPrVjsC7LToSoHPGen8OVy8EJCRt5YwvTO6fQMackosrMdgafcTQkR16TI/TXwQ6IaThWxu/0hrugWkuVUG6M+11CDhruvjtBTSaFck+KA31La+1CUs2XGwM6kAeIn/daDeOfhmFqDPSmo8tXdH7ZIu8bWNAqLi0/aHs8CU7Xei5zo6m7PFbUC5ljwZbhGly3js5seA5FXUtOOBFUWNx9RFS3IM4iQE6tvXS7LY7nuPAvCJlkU0yctOtBPFea24xGyqP6BxBnBOQhd4lt6NEC6QmRDv5JTRo/OGn29MEpSQBPKW4wU9hhDvqDjT9gCRWCZemuQM90elEf8Y7EqW5vH6EN5jnpCs6dlSWc8uFHHDBTi4NOCy8fPSn1va5EUIeg8WOTXrF9Kvv7jSLYorxaqpcIgbtpjojgVvpTN7cNH16Mt1hJuy16Bx9jtvxjRJkR568F7Oj6r2a/OI9os/Xze/wz1pQTlb85VKzGF3fBlrB7Fst4uxida2eMXZctFTRcp1I=');
INSERT INTO licenses (id, account_id, type, created, expires, active, data) VALUES (22, 2, 1, 1565328081, 0, 1, 'mziBTR+ywzw6autp7ClVxw1yfgxQI62sfkukqK0Jq0ICOqNUX1Us0/Pl46iM+87mb8WWn+UtvHgGZ6r/JLaCdTiIgLxIiG4s41MAG4nr1SMmqKpFRe4z3lB8SHC94tNMOFnRdcddK/l1k76V8ExNvuoneswe7DpwDkHSv7R1XkGHEmETKc82L+oaDpIACg+ohBfY1mrotZNADit9wSIk10oiJm4bviBXVLwomn0z7C8axXIu5j7qSK01dfP3S8jVFRTKJxo5upU+brnbWhJ6cleThXzDLjYXY9qe5z+8TaPYmDt3e3PfEbekkFgM4MT1NYqEjzW5KBCaU0iTy2CxpaACeUZ0GQdLlXX8oUVDVFfB9QzllsL1/xuexpCl+OZnMb18hYdXBn9BQtRfTaHujF68NrZhlnWaU5ZTaSCbE2SJc8LjweV/qpMarD009h6t2sXw3lruI4SCW8iTFuL058gwtrAyFKpS1epqWZGPbe9KamTbii0oP/ZpGhrW1DL8ZtWnnoLXp9LetnR7j++o+yE2nQPGRBs9u/i8Oxxkxvpb0JsqQPXLprl0mVd3Lk/GLRnmXmCsDUe56g9rgCWzmDStIveRVn9JSqK59Xpj80MS5La00jBS17dL1f8JpaHqcB8LKyIe5W04HY1/s0AxO9KYpWstuEcjkNbZO+XjuoQ=');
INSERT INTO licenses (id, account_id, type, created, expires, active, data) VALUES (23, 2, 1, 1565328082, 0, 1, 'hMbnqdtLqUFEZ3vv8mGMno/oTYfrm4IsKfzN2j8Dcb1Qft35tbtxBks0oBvdByY4aXl2mSMfg4SP4E0dIcrao5IzXo88THL+L1YUm3jbIvUMZzttt6MHVfzkGbGszS4R9Xc9yOzmt3cOTe1cdc/9B4sptSsL5SfZDs2eN7kI7HC52DVJT2rk3CL6T0UUwz3PqzF2hyfgfLiUtSFbG7YAES9dfHZBrlsVL5xce7SbkUUfRTy4z6VRZuRvI+GSV9gGByGqRTQ873QN7cboR0ujQddQA8sH73g4hNzURzsZYhs5dSuWIZIwvQOvY3reQ/z4uOHfLohx9i4a3JHDX/j9tK9lXkODXlK4ReDqPXSneEoPrCs23eNJ51rqZCeaFXU4nSflX8vNgOyKd+Vz09T7KrufY3pdjNPC23IJ7j9gadFyty7t6zC7W3urH5yV3q0xzdzdcA/aXDkhn1mnZSzZqVdZ6x6xE8beJxgrC/aj5TTohJuFR5A+LdRvvpEZStTItk2IYTkr2JqSwVEdIuBJSCoB82kP4p/ZRj4MjgYhFmHK71n1XVzdrbQCjjsuYeIb1ZHkJg3NenjVpqqHYZPk7fpN6w6c1EzizR7/GzUw6fs25+IJnJWB+YDtHi1kpQg+b+GBcSYeDT69xKWvG7ofJxuEZTEMtAK1pels2hQZ3D8=');
INSERT INTO licenses (id, account_id, type, created, expires, active, data) VALUES (24, 2, 1, 1565328083, 0, 1, 'H0jHuFlyeZskkNAe+HOCaoqpllXzImjb+nwrOtKHMcjE9h0tBFxM1p4sK0ehhwS/Dya4K6RkQgcoGBsqrvMuHinnV3B3apzJL2/LoKvq6YgweQ75JmULoNEguVGSZXgaOT0xuoNJC9nppyWXKUfodvwyBtqxW7mMgyYYsA17rZCd0cgLZRIEoLVbbNMJBHcCAaHphxEUIdZM7i5btaNbmgoc8s3E70n/98VT+Ud+cQpwdVB9ncvE30YL/EJRtLKt893hfE23k8avhcf+lF7GEDXz2PjvkljE4dvEvZGENYT6vjYKs1QunnnJd4/6cazYuEvEn+IDKTvZz6fMsJmDT9wyfu0t4fbVvfUN4HVxniPZ1FEo0bmHIDBOTgJEi7h04h66mxZTJIkzl8XxeAYL2zZoUdUcj1W9KxvaOhDp9ulng8dUTrDJfQlB0Sp3zr+SanRbQKyVNUerd3wcWSZqQMCghRbGEvkBjLyR3SvYa0XB4TnNup1psmnVS3zhgN+9QsAbRV8/3I42hWSPz8b9gsKJlc8mfjD/69A3k2Gg2copsvf3kxw6t4S2npoBHxFn+pv4l/7d/U98F2qo2wnhbb2a/5dLpEAkCEBCN9bixCLBQFL2FKDNlrRF2zzgKMTH+rTNz6oOKabw1yDlOSqocZHVcDvv3hntriG6Z+2M1U4=');
INSERT INTO licenses (id, account_id, type, created, expires, active, data) VALUES (25, 3, 1, 1565328086, 0, 1, 'lfHVkGd9rPLNZ4mYLBJ17Axcb35R7WCCQB5yUGRX6qcQqt2J+fXy2oCGqoraultZEi0VuhsVU8TuGr26v8PKZf/RhvKP8yXmK+PahUQ++94l40D7pNEHIgpBMwrRKMwTBIfDeUdyC5RJpl6jzyTwj3ri9y5f3fjVfUO9XjE2ZudlLUK7lw+qx6fI4KLAOG2+cVUtiicR+EmgGcwApJufqq05FevuUv10XcnZHtmZfXIb0VqR/MJoCu2vIGl1Qw3flHLwzNUZoaByiMIpHD2+poPVARKQR+DPuDQFqPTfx5z534LrnrDiC/RQjtpla1cYuI8Ao5IW26ydR3b1rzl9P+saM6yveJ3davBjZz0Bqh13VwtIZ2IJQ3beUs5qncjutgNUL0oexFCcaXBn2ygKGbkGBtk0wWbfgGGxXEdkAZJ6diqrjGdSpQHa3oE+V4Uf6nPtQnh5EJZkvthWUksEeBLmmTHs5N7jTu57rsAqG1/g6bIPZTk+lYTr49R3byF0IFk8tg3rYZyL9rSnh3BgPpVLkJJZ3lHNOePBgCpIIq01dpVCy1kP+judwlZF4Gx/qZPJD4sT2DlatomaI2xDd3103NTriK0XG8WgfNaVPysbtIBPBxo8rEw8wOr72CEj7oI9/40RVFd3JNh7RDFQ4Y93zygeCETi1lZKDUnLTds=');
INSERT INTO licenses (id, account_id, type, created, expires, active, data) VALUES (26, 3, 1, 1565328086, 0, 1, 'Dfa8wuSTzLlHRQC4dvleD/NZEgusfvZvWFSFFCCpumcIp2HoHNQz/zInSeztgjcluhF/VAeB/qgrzF/8k/6r/55RxEkNv1xCtJtOdRTpa+X2+8LAPthMFQP1L5JaW+GK2yzGjEr1mxirkWzN9ie16eIggvxFW9NBBJQ2qulpdHeal8SyGdu8Rlm6oe1qEPJq5FDnYdUizCeXBQcWKxaYvOVCFZ6RmR7gKNi3bVSXxUW1WH/6QTa0Q8mE8ko1gLS7ZtfcBfHIuQ7sgDhHbijOQ7/qDrKrt6T45dmJPCgxTffJIEMGS6vXdflXV9HXSb+XsjQ0X8xYMy89cLbgDnVp/CboRSA/Rhzp3uDPEGZBdWptFFX/WXrigbV/Ok78FfbF4oaJDg1YOpY8NuB0Bs/zBrqSM1bekXA2PYtoDRD0CUjnjbbaWiom0l3QvW5ed1gUkmYS4X5ViIHW7tRnAoaeoX2ocjrauIBOxh/oSU5diPgQ/mEz5oUE2+H41NJw2isax+sZDXwfvQ6WdVa8bLpOwMFL3FeUb/kk4Jvjppb6UiIVhQTMxZL1ap1+gWv4YRL7b7QIe/pePTtyUpQg15wUqpYHARtM8aIUW3EJjOuZmp/V8/BCtdp+hDzH/dt4N8KecANTayOsoolm0fpnrMXJN3XS6q7d3iXRCIq/XloN03Q=');
INSERT INTO licenses (id, account_id, type, created, expires, active, data) VALUES (27, 3, 1, 1565328087, 0, 1, 'jQ8u1IybG+pkLO4M55yScFFKyQqg5nQl4kYXuJmpWiZ0UNgPsvcmsDuiZNiT4GgDNQMNf1aSXxo5rP2/GUOjFKKslLgMwfuCa8ttGuKopzc0uSmvBgbn6DYZXKk55mhhOOCVhqrShGSkLV8D81HQuKJCVHpqPswhgN3ca5aMfwN2qIsS5L+c0sFtdUv881uSfcaGSzE784oAWFcOPZmZbA7JQAJq2+FTXQXA1aUVL5PfGHGnbH9XfAtOcjAOnH5LiWFwqGSKJT9t8RfX7qcpJKgpQg2J6jKbMpKTSHTHkwsKU4td6EQkj6cJq6hQb5Y8EoT2szQunAASk4yNN98ZspkpiYC46EYvE0POE8IGXeY66RwCXPhSYHoD/ke9QXdwq6EMc2s9WRI2K5QylN2Qb3gdYke4a4xYhQMIOIrZ0KYSiB3fWVg5A4zldX1YMUaBbjcZSeKjHYR/NWtOPi8Vu4FaI0pGwr+5dB6H66qTBDdG03EO6es8KMiAxdzeWA0sIKSRvgxE1A8PS1aq+Op05HNfGpEh2Vk/1aH7714UjFkPWQOQ75wEvQNMa9rTVN1553kbDspEBM9QkMbGAFumGjabciJIys7JlhvBVywr09IGfWcHd3/WPvLJyxLtjfNvUzjM3Evnykr9Sl2z9LWgLevKVn3tcpFs6N4sxQ7KQJs=');
INSERT INTO licenses (id, account_id, type, created, expires, active, data) VALUES (28, 3, 1, 1565328088, 0, 1, 'NaWCt0/ZnXU9+qN9CrkxW+EYu6WQ1SUZIsX0aYlp2DpAjZuOuN1B6k0ngMxngsFP5/dWab1Y+/2KHmP28jiaOFF9GCJCmmCv/RCW4VUMvzgVAS6Q+G5rOs9KlpZHLOi06slsw9QScMHg7soAa3ZRWfPl5uZpzx8rv6ieQxulk0cZ/7BH1Lt8LMGHn0dnU0FBBYyqqcJYmp7RtIpH1TYS13x+IaeLlaPnKmR1db4lWZKHKZV0EI4OHEQ6K6FaUbzagYcBB/Q1a4+B4C/Moc70beJWxfaMFBQ+YMrZyrPEyTUHfNVV0ttmtpuwkQyzlATAuVAAsI3PbKtTr6U4hBWV4BnPgNWyeCVZYTwu5B9+rk4+UhIRXBFfZL9JFgThl7Yci/7saZ6QecE2dhiColvYIEdIpT51qxur383iuedA8VoXZi3/uzeAe9qx2mq1jfJ0O5QHjfnvYh7GT3r1j6jFaLfeQmBCijKC/fiYbD61a6NoWAnqwZDq+Jl3uJiiBen8GICK/l5hkS0YVdRBSekPqxRmIbFwNLYjjM4hc6qTYw0QjoE5RhtG5bCIwnw2gvT/zQDaI53FzY0MzwpY2CNia3/mP15DffNUavExqZig9ZnXiVPn8bo4iHHjE9dKFcVXtUg4NhJYk//nkKTRc7SPrJbCP5jKBAf33bY6VKGf6+8=');
INSERT INTO licenses (id, account_id, type, created, expires, active, data) VALUES (29, 3, 1, 1565328088, 0, 1, 'j8GpVTCVNzYe/dBrZG2fBNMoMLtPA0yTvuwZ+42SwFQnfUHjRKkgvkHtXQhegTqSb6Fx7Sb33WXNHgz5O3HpNa4njYBIlRgiBMq1mOWpZDwx3pGTX/WJgREGQS2BMFNgyUhxvB5/KVWQo0Wkisi9Zf+4CTD4gsa3moabaSu4bGsBxDwG/Yyk02AzMNH0WJUWAL/bWTJ6fe3gVA/Zyzq4sYVJIRzyviWZRIykCjlHwqQH4PrXD6zoh+Fsz58nTT3UTXmWpQXJwJu3f1oAYfrqzvtImSdjnuC1tkmmFUhWVpA9PLkcUTOs0E4QWCVx+RfObElaSuBhoL+/L18QeYVJQLUw4M42TE+ecNjhe7bmKEGoLdqCFvuCQJRVack/PxmzHY6jd5sX6h7wldDCOMxAjkz7YrOku4mBj8fsq/EFyEr9A8VviDBUV6MsvC0bZLP/SzjFUrsc34tWZzCGZKKMW3pXbTmtSY4ugdLu7N+fL1zwbJF/KHb2xBKMSVsxCvdiCBz/bW92rNjRSHBgqqfYCJdjYEw8i+xW/hb9YL+YzAPnFNHqPD0z+piofi4GZhrUTYs/UzZsmKnhVHfG77CRLI6AXcbC/sDLzaPFvvEHH6uBO+TvqifGJMcWNjuFYBAWym6IWa1dpju5hwDQumgYZTOkJ/KrnXRnTJrjykxr308=');
INSERT INTO licenses (id, account_id, type, created, expires, active, data) VALUES (30, 3, 1, 1565328089, 0, 1, 'ETz2J6MqO/XLs88gKQyIj45lulw3yxw5ZEIj3ZifgiBnIzwfoChtmjZSg4e3jPDxDrUU2mhbQjsHLdxXWR+VEh3qg2NYvYm4Jsim5txaRexG9pr9kImK8ynjeo6Q3FUUbihWaqwGPwRR7KjFLlC1BGQjoRBTGapFiuyuMsDMthAvKWCg8spPoplOcnyRkt6op7Xhda4Pe9/U1FIZcSPMZS5jHJ8O8Vk8uHW0ph2zeXNC5DGCqaEuUaJNckVQprHA3BCEx4/XuWD7FztLygSrXKAkVjqiB4vPh6haUvkwQsKemq0MAZWhPmM41CXd/tNncICKUivvYoT4rnit28GIIUQNowTQwFU2CDgodSxvTHNuzKl63hIJizcz0agjxQJMDSGjdC7Nm9CSW2ckLNkf8LEAIXWxW9qSz/5u0p/QTvM/up0zH4143Ay/W6sPbZVUeM4gdterqJcbOze7Wb9dw1+klbvPHkJohXVV1mg2l0eHyLJ7SYn0cqj3+bT+tqhd4FKpdTuHhNxdtQeyfBsFmtdU0+XzvwO7qYsI2kETC9lheNDX4qXbl0SSBjBr1R9eLy4PiyTf6EXQRCbdgMc8/wKnnGPu2Kxccu8ELKsGIYRtpVDLyuwg64qtCNktgIfbFap4h1x1KE+v/kiOl/f4MQ4gDNRG/73chHX/94oLIn4=');
INSERT INTO licenses (id, account_id, type, created, expires, active, data) VALUES (31, 3, 1, 1565328089, 0, 1, 'becaBn7E98uSeEgSY550hgV7bOeJbI6HhuUvaGtLFvMxRzzly0zVJcFBFUKY49OHYSEBikVILsO8hrZi9IXjyiVp4rxhAXxKITzDJmzLYRrOGQKigL96fVTv1mp9Yq/YixnjxLCkqPRcmwuo6BN7Q6NWeosTHScpQzzcAiPwd6dk2asziG/hVQyk6poQCC2KH0Y06ZSRW725ZL8av/q800iBXcrz95filJM7bmpVdu0aElhmel7il/PNFj1B61P8wIvu9Wry9W0HpwFUlckAUajfsR1fY81nVz9Avql6aCdWghjaVz2vhuVqTx1Gm/NlID4/BGU72H6nLO2oaw6AqwFO3hZ+GYJb3soFj+LKngDf3Z6ZxZV6SfJEWCRRXUCIdCKYQXSER8e1m//VdQSjHLO4T846m0y9bGgMzwjpQZLbii5Q/hIT3k/fX0fQ9vyNKrqXaqRasMMh5betZ8jsNyZ+XBW0o8dzQ5H66hwqFj2zM90aBpQVclmylZur7ByXyDgGgzfL6r4N/C7MAzccMDWtH5UMIOG7B1rL7NtgucMAw+fY4CMclJ9R+FeGOnUqWerTfI6Qtx0S/aljP4lVz+Vn9fyGwgbKyykoa4+sB7yVMcMcJVBIEcRj7SIu8GfcQSMZhvXvc24MEuA6Tl0IiE+rFVBUlsNR9FRYNd6Wjvg=');
INSERT INTO licenses (id, account_id, type, created, expires, active, data) VALUES (32, 3, 1, 1565328090, 0, 1, 'vMfQcouJmb8FslYgFoWGJsIrP1VF56XLibhkjcJSp6xeLC4PqHWmKJ9XMBkhaDJM/QfwQAWCmzq1shhNIdiyV+JAVUULDXUHPMXyYbhzaiaA8AZGkfVyzIANJgnUcQzO3zGoMIzIhqW6pYuUVkm3D0l5o1eEe4/alz9XXkWg2TD5rFwI5QVEjaPOq2ZxaEiPcHahAoWbtKAQyTvk3NcEv6AUwiQESMzVmKDnG4LRaPkOOaMDgR2J9/qAZNWQuxFzGJkqo5J0DvNoSO5FjBkOOr8axVh4n6OqzlLER5hntym9hxr7knfryxfA/M3+DsfDM6IJkywLSw05tq7q1vhzsCnnKO+zls0DqB0kAQHnwuUBUKkVXYX98WAkI9ttpNQXSvAHtAN4EkbqnAZaZdvVFnh6aaQGOMmNWDUBuq6nCki+XFwWxoAR9VGp7u5kZ3hQ4MV21SrGwwfk4E+dwa0HSZVpds//GNJoRpB5piwekfLTC6RnSTpeAjw6oEYMB6iT/og/S0ZHdVAp7NyBSV9zphNXW8tKkCZoi/u1AETgcdVRLTOFqxEKiY+DUk15CHYxEHwKNvgNhp+6qKk1Hmb0XWJT8LHOEASfikDa5rVrGyluu5akRHJeG/ZF6uyN/2epxwME6Zmc/ePNB3I8W0lGO6y0oiUpHjVS5t/7fX2iPN4=');
INSERT INTO licenses (id, account_id, type, created, expires, active, data) VALUES (33, 3, 1, 1565328090, 0, 1, 'LkgX5OefoQd7317Vky/2qLXTKiL8FOV7faoxlvzih9nzd9BQztdghGZnsptJT0XqC6ReZC9+wU81A6ng9xXUD0Hf2ofwpj2kPO2M1avWzWGPyaSb75clxr2KZJloiiQMl+alqHoeqyrZntfED9jE8kk8SifiP/0dr0IfNCjawIBeoWAOXU4qfWIPT5KT0dvPFY8JvQsENR2GlSoo6JzedrzW9Ae+rcuwqSFht60v35t8d4NKY/QrL3ckBrmXbyw+kr3IN87MYif0f8qiEiZgYMpgKw1IzU5HkBdVaE3KM1XbUG12MUd2g3tK68yM4bLXxtzUVU0rSjSnfmmJDp13EFzxGSGoTP5YzHb3sS9d9BN7obcxg7wSZYDaUVm3oow3R4qOFKb3dnV94JTFDq42T2gSA8o6qaXPFfEPoKmXKS3ZHXrPJrT/rPSsfy5yPShOoNrqa3e8CQGRHBSNJD7sg0XPkqczC8maTDtCkSvhcxxaOmraw9zG5E5CCK/+Ps1Qm2wZRQK70pp7aNocVdPcKG+JAy2pM+wKhweVqgNQANl2WAE0RT0MjHr/S3d0Z1com3gfmZDO+7tswIyq6CQwgfjQGItiYjfNWTfd04GQcNJoc4jK9PagB30sfZFr6VzJGW9exmUHL1pWeDO0PlxlVeZ78YQrdl73EfIFHARQwK8=');
INSERT INTO licenses (id, account_id, type, created, expires, active, data) VALUES (34, 3, 1, 1565328091, 0, 1, '0KMPUESaLmwMCehybMRhEeWBYA1T1vefa5/M8Ydc95PDSfB0dfCA8F+EIvoGBa87j7p9BGwM4yJspQkH/JviuV9WaGUGgskjSgYktzxpMQQ2ur1oYWQFGLmUUE+GViG5mCo6Wglh78yKzws61U4SECXVOe6qRtcnn3kLxoN8JftJvieBxTF6CYOX+L+fafq+xQw0V/Q3DfeJ4nxOrr5qmpK2QjJv4DiF6fA8EZs6+7fEvCAlTQSBfLqLbpXe3ak1kG6/q8AYu7QiY7xRV3dupzUMdnbGH9JqIIaHhkQMmUkQS64/5zqhYvBWP0lQD4msIdJC++eTfLSKXrc3nNZsQHl0+34c85TQltaUrCGeotmjkk0rjUgLRFNUSw4l34pHJDqSTP6fzQSdQjmoGp/c5oq+YO6OwYrYsMcwp87lcpdeDK3+dVZOMUq3c11Hzx3QY8EtMXY6SMQ5Th3qhHzFC+nOhrqLpMleLG1pshRllKOP6rZhUUZC2oueH8308h2vEL6BvACTYUpBATwF2IoWsMMW4HGVy7jTSeNmFgENV5WyLEVmWdmangX1IpT3XF+vVJc7ildG1f4cDCOGqnBi7QuoQwdpubkc7rAdJtlJ+WM/sZdU91k4/xxqnBzC7RVETGOf+GTZFKumw++tryfW/DNRYfP8W6bsT9D+yOfNOQ0=');